{
  "threshold": 0.3,
  "accuracy": 0.9038461538461539,
  "precision": 0.8666666666666667,
  "recall": 0.8125,
  "f1_score": 0.8387096774193549,
  "auc_roc": 0.9305555555555556,
  "prediction_distribution": {
    "0": 37,
    "1": 15
  }
}